Season,Date,Plot_Name,Plot_Side,Limpet_No,SL_mm,Tag_ID
Winter,2024_02,CNM_1,R,1,65,0
Winter,2024_02,CNM_1,R,2,48,0
Winter,2024_02,CNM_1,R,3,61,0
Winter,2024_02,CNM_1,R,4,53,0
Winter,2024_02,CNM_1,R,5,22,0
Winter,2024_02,CNM_1,R,6,23,0
Winter,2024_02,CNM_1,R,7,21,0
Winter,2024_02,CNM_1,R,8,23,0
Winter,2024_02,CNM_1,R,9,24,0
Winter,2024_02,CNM_1,R,10,24,0
Winter,2024_02,CNM_1,R,11,40,0
Winter,2024_02,CNM_1,R,12,23,0
Winter,2024_02,CNM_1,R,13,55,0
Winter,2024_02,CNM_1,R,14,58,0
Winter,2024_02,CNM_1,R,15,52,0
Winter,2024_02,CNM_1,R,16,52,0
Winter,2024_02,CNM_1,R,17,50,0
Winter,2024_02,CNM_1,R,18,46,0
Winter,2024_02,CNM_1,R,19,41,0
Winter,2024_02,CNM_1,R,20,47,0
Winter,2024_02,CNM_1,R,21,66,0
Winter,2024_02,CNM_1,R,22,53,0
Winter,2024_02,CNM_1,R,23,42,0
Winter,2024_02,CNM_1,R,24,53,0
Winter,2024_02,CNM_1,R,25,51,0
Winter,2024_02,CNM_1,R,26,47,0
Winter,2024_02,CNM_1,R,27,56,0
Winter,2024_02,CNM_1,R,28,28,0
Winter,2024_02,CNM_1,R,29,22,0
Winter,2024_02,CNM_1,R,30,21,0
Winter,2024_02,CNM_1,R,31,64,0
Winter,2024_02,CNM_1,R,32,32,0
Winter,2024_02,CNM_1,R,33,37,0
Winter,2024_02,CNM_1,R,34,35,0
Winter,2024_02,CNM_1,R,35,40,0
Winter,2024_02,CNM_1,R,36,21,0
Winter,2024_02,CNM_1,R,37,21,0
Winter,2024_02,CNM_1,R,38,20,0
Winter,2024_02,CNM_1,R,39,20,0
Winter,2024_02,CNM_1,R,40,20,0
Winter,2024_02,CNM_1,R,41,23,0
Winter,2024_02,CNM_1,R,42,62,0
Winter,2024_02,CNM_1,R,43,50,0
Winter,2024_02,CNM_1,R,44,53,0
Winter,2024_02,CNM_1,R,45,58,0
Winter,2024_02,CNM_1,R,46,57,0
Winter,2024_02,CNM_1,R,47,54,D006
Winter,2024_02,CNM_1,R,48,62,0
Winter,2024_02,CNM_1,R,49,56,0
Winter,2024_02,CNM_1,R,50,47,0
Winter,2024_02,CNM_1,R,51,44,0
Winter,2024_02,CNM_1,R,52,51,0
Winter,2024_02,CNM_1,R,53,20,0
Winter,2024_02,CNM_1,R,54,19,0
Winter,2024_02,CNM_1,R,55,42,0
Winter,2024_02,CNM_1,R,56,19,0
Winter,2024_02,CNM_1,R,57,18,0
Winter,2024_02,CNM_1,R,58,62,0
Winter,2024_02,CNM_1,R,59,58,0
Winter,2024_02,CNM_1,R,60,60,0
Winter,2024_02,CNM_1,R,61,44,0
Winter,2024_02,CNM_1,R,62,48,0
Winter,2024_02,CNM_1,R,63,67,0
Winter,2024_02,CNM_1,R,64,56,0
Winter,2024_02,CNM_1,R,65,51,0
Winter,2024_02,CNM_1,R,66,51,0
Winter,2024_02,CNM_1,R,67,41,0
Winter,2024_02,CNM_1,R,68,47,0
Winter,2024_02,CNM_1,R,69,46,0
Winter,2024_02,CNM_1,R,70,50,0
Winter,2024_02,CNM_1,R,71,51,0
Winter,2024_02,CNM_1,R,72,38,0
Winter,2024_02,CNM_1,R,73,55,0
Winter,2024_02,CNM_1,R,74,56,0
Winter,2024_02,CNM_1,R,75,50,0
Winter,2024_02,CNM_1,R,76,25,0
Winter,2024_02,CNM_1,R,77,46,0
Winter,2024_02,CNM_1,R,78,24,0
Winter,2024_02,CNM_1,R,79,19,0
Winter,2024_02,CNM_1,R,80,20,0
Winter,2024_02,CNM_1,R,81,16,0
Winter,2024_02,CNM_1,R,82,16,0
Winter,2024_02,CNM_1,R,83,20,0
Winter,2024_02,CNM_1,R,84,20,0
Winter,2024_02,CNM_1,R,85,16,0
Winter,2024_02,CNM_1,R,86,18,0
Winter,2024_02,CNM_1,R,87,19,0
Winter,2024_02,CNM_1,R,88,58,0
Winter,2024_02,CNM_1,R,89,44,0
Winter,2024_02,CNM_1,R,90,44,0
Winter,2024_02,CNM_1,R,91,53,0
Winter,2024_02,CNM_1,R,92,48,0
Winter,2024_02,CNM_1,R,93,54,0
Winter,2024_02,CNM_1,R,94,44,0
Winter,2024_02,CNM_1,R,95,73,0
Winter,2024_02,CNM_1,R,96,54,0
Winter,2024_02,CNM_1,R,97,53,0
Winter,2024_02,CNM_1,R,98,57,0
Winter,2024_02,CNM_1,R,99,61,0
Winter,2024_02,CNM_1,R,100,61,0
Winter,2024_02,CNM_1,R,101,55,0
Winter,2024_02,CNM_1,R,102,72,0
Winter,2024_02,CNM_1,R,103,53,0
Winter,2024_02,CNM_1,R,104,57,0
Winter,2024_02,CNM_1,R,105,61,0
Winter,2024_02,CNM_1,R,106,55,0
Winter,2024_02,CNM_1,R,107,58,0
Winter,2024_02,CNM_1,R,108,60,0
Winter,2024_02,CNM_1,R,109,55,0
Winter,2024_02,CNM_1,R,110,48,0
Winter,2024_02,CNM_1,R,111,48,0
Winter,2024_02,CNM_1,R,112,61,0
Winter,2024_02,CNM_1,R,113,48,0
Winter,2024_02,CNM_1,R,114,57,0
Winter,2024_02,CNM_1,R,115,56,0
Winter,2024_02,CNM_1,R,116,69,0
Winter,2024_02,CNM_1,R,117,66,0
Winter,2024_02,CNM_1,R,118,43,0
Winter,2024_02,CNM_1,R,119,51,0
Winter,2024_02,CNM_1,R,120,61,0
Winter,2024_02,CNM_1,R,121,51,0
Winter,2024_02,CNM_1,R,122,51,0
Winter,2024_02,CNM_1,R,123,62,0
Winter,2024_02,CNM_1,R,124,48,0
Winter,2024_02,CNM_1,R,125,51,0
Winter,2024_02,CNM_1,R,126,53,0
Winter,2024_02,CNM_1,R,127,49,0
Winter,2024_02,CNM_1,R,128,44,0
Winter,2024_02,CNM_1,R,129,62,0
Winter,2024_02,CNM_1,R,130,41,0
Winter,2024_02,CNM_1,R,131,50,0
Winter,2024_02,CNM_1,R,133,40,0
Winter,2024_02,CNM_1,R,134,51,0
Winter,2024_02,CNM_1,R,135,71,0
Winter,2024_02,CNM_1,R,136,54,0
Winter,2024_02,CNM_1,R,137,70,0
Winter,2024_02,CNM_1,L,138,24,0
Winter,2024_02,CNM_1,L,139,21,0
Winter,2024_02,CNM_1,L,140,22,0
Winter,2024_02,CNM_1,L,141,23,0
Winter,2024_02,CNM_1,L,142,25,0
Winter,2024_02,CNM_1,L,143,22,0
Winter,2024_02,CNM_1,L,144,21,0
Winter,2024_02,CNM_1,L,145,23,0
Winter,2024_02,CNM_1,L,146,24,0
Winter,2024_02,CNM_1,L,147,24,0
Winter,2024_02,CNM_1,L,148,21,0
Winter,2024_02,CNM_1,L,149,65,0
Winter,2024_02,CNM_1,L,150,43,0
Winter,2024_02,CNM_1,L,151,42,0
Winter,2024_02,CNM_1,L,152,27,0
Winter,2024_02,CNM_1,L,153,51,0
Winter,2024_02,CNM_1,L,154,46,0
Winter,2024_02,CNM_1,L,155,53,0
Winter,2024_02,CNM_1,L,156,49,0
Winter,2024_02,CNM_1,L,157,24,0
Winter,2024_02,CNM_1,L,158,25,0
Winter,2024_02,CNM_1,L,159,49,0
Winter,2024_02,CNM_1,L,160,18,0
Winter,2024_02,CNM_1,L,161,44,0
Winter,2024_02,CNM_1,L,162,23,0
Winter,2024_02,CNM_1,L,163,22,0
Winter,2024_02,CNM_1,L,164,23,0
Winter,2024_02,CNM_1,L,165,23,0
Winter,2024_02,CNM_1,L,166,27,0
Winter,2024_02,CNM_1,L,167,53,0
Winter,2024_02,CNM_1,L,168,26,0
Winter,2024_02,CNM_1,L,169,22,0
Winter,2024_02,CNM_1,L,170,46,0
Winter,2024_02,CNM_1,L,171,21,0
Winter,2024_02,CNM_1,L,172,23,0
Winter,2024_02,CNM_1,L,173,24,0
Winter,2024_02,CNM_1,L,174,24,0
Winter,2024_02,CNM_1,L,175,23,0
Winter,2024_02,CNM_1,L,176,21,0
Winter,2024_02,CNM_1,L,177,26,0
Winter,2024_02,CNM_1,L,178,60,0
Winter,2024_02,CNM_1,L,179,22,0
Winter,2024_02,CNM_1,L,180,22,0
Winter,2024_02,CNM_1,L,181,19,0
Winter,2024_02,CNM_1,L,182,20,0
Winter,2024_02,CNM_1,L,183,22,0
Winter,2024_02,CNM_1,L,184,49,0
Winter,2024_02,CNM_1,L,185,43,0
Winter,2024_02,CNM_1,L,186,44,0
Winter,2024_02,CNM_1,L,187,50,0
Winter,2024_02,CNM_1,L,188,43,0
Winter,2024_02,CNM_1,L,189,48,0
Winter,2024_02,CNM_1,L,190,43,0
Winter,2024_02,CNM_1,L,191,59,0
Winter,2024_02,CNM_1,L,192,39,0
Winter,2024_02,CNM_1,L,193,49,0
Winter,2024_02,CNM_1,L,194,58,0
Winter,2024_02,CNM_1,L,195,52,0
Winter,2024_02,CNM_1,L,196,45,0
Winter,2024_02,CNM_1,L,197,54,0
Winter,2024_02,CNM_1,L,198,52,0
Winter,2024_02,CNM_1,L,199,53,0
Winter,2024_02,CNM_1,L,200,52,0
Winter,2024_02,CNM_1,L,201,55,0
Winter,2024_02,CNM_1,L,202,43,0
Winter,2024_02,CNM_1,L,203,46,0
Winter,2024_02,CNM_1,L,204,36,0
Winter,2024_02,CNM_1,L,205,53,0
Winter,2024_02,CNM_1,L,206,50,0
Winter,2024_02,CNM_1,L,207,41,0
Winter,2024_02,CNM_1,L,208,54,0
Winter,2024_02,CNM_1,L,209,33,0
Winter,2024_02,CNM_1,L,210,49,0
Winter,2024_02,CNM_1,L,211,52,0
Winter,2024_02,CNM_1,L,212,63,D004
Winter,2024_02,CNM_1,L,213,23,0
Winter,2024_02,CNM_1,L,214,24,0
Winter,2024_02,CNM_1,L,215,23,0
Winter,2024_02,CNM_1,L,216,47,0
Winter,2024_02,CNM_1,L,217,52,0
Winter,2024_02,CNM_1,L,218,56,0
Winter,2024_02,CNM_1,L,219,54,0
Winter,2024_02,CNM_1,L,220,68,0
Winter,2024_02,CNM_1,L,221,58,0
Winter,2024_02,CNM_1,L,222,40,0
Winter,2024_02,CNM_1,L,223,66,0
Winter,2024_02,CNM_1,L,224,64,0
Winter,2024_02,CNM_1,L,225,26,D014
Winter,2024_02,CNM_1,L,226,21,0
Winter,2024_02,CNM_1,L,227,58,0
Winter,2024_02,CNM_1,L,228,60,0
Winter,2024_02,CNM_1,L,229,63,0
Winter,2024_02,CNM_1,L,230,58,0
Winter,2024_02,CNM_1,L,231,59,0
Winter,2024_02,CNM_1,L,232,52,0
Winter,2024_02,CNM_1,L,233,56,0
Winter,2024_02,CNM_1,L,234,55,0
Winter,2024_02,CNM_1,L,235,40,0
Winter,2024_02,CNM_1,L,236,59,0
Winter,2024_02,CNM_1,L,237,56,0
Winter,2024_02,CNM_1,L,238,63,0
Winter,2024_02,CNM_1,L,239,21,0
Winter,2024_02,CNM_1,L,240,23,0
Winter,2024_02,CNM_1,L,241,23,0
Winter,2024_02,CNM_1,L,242,40,0
Winter,2024_02,CNM_1,L,243,48,0
Winter,2024_02,CNM_1,L,244,32,0
Winter,2024_02,CNM_1,L,245,24,0
Winter,2024_02,CNM_1,L,246,22,0
Winter,2024_02,CNM_1,L,247,25,0
Winter,2024_02,CNM_1,L,248,20,0
Winter,2024_02,CNM_1,L,249,23,0
Winter,2024_02,CNM_1,L,250,25,0
Winter,2024_02,CNM_1,L,251,49,0
Winter,2024_02,CNM_1,L,252,57,0
Winter,2024_02,CNM_1,L,253,52,0
Winter,2024_02,CNM_1,L,254,17,0
Winter,2024_02,CNM_1,L,255,58,0
Winter,2024_02,CNM_1,L,256,18,0
Winter,2024_02,CNM_1,L,257,49,0
Winter,2024_02,CNM_1,L,258,34,0
Winter,2024_02,CNM_1,L,259,55,0
Winter,2024_02,CNM_1,L,260,47,0
Winter,2024_02,CNM_1,L,261,52,0
Winter,2024_02,CNM_1,L,262,43,0
Winter,2024_02,CNM_1,L,263,63,0
Winter,2024_02,CNM_1,L,264,18,0
Winter,2024_02,CNM_1,L,265,22,0
Winter,2024_02,CNM_1,L,266,20,0
Winter,2024_02,CNM_1,L,267,41,0
Winter,2024_02,CNM_1,L,268,50,0
Winter,2024_02,CNM_1,L,269,57,0
Winter,2024_02,CNM_1,L,270,55,0
Winter,2024_02,CNM_1,L,271,33,0
Winter,2024_02,CNM_1,L,272,54,0
Winter,2024_02,CNM_1,L,273,51,D019
Winter,2024_02,CNM_1,L,274,16,0
Winter,2024_02,CNM_1,L,275,20,0
Winter,2024_02,CNM_1,L,276,19,0
Winter,2024_02,CNM_1,L,277,18,0
Winter,2024_02,CNM_1,L,278,20,0
Winter,2024_02,CNM_1,L,279,19,0
Winter,2024_02,CNM_1,L,280,18,0
Winter,2024_02,CNM_1,L,281,18,0
Winter,2024_02,CNM_1,L,282,18,0
Winter,2024_02,CNM_1,L,283,21,0
Winter,2024_02,CNM_1,L,284,17,0
Winter,2024_02,CNM_1,L,285,19,0
Winter,2024_02,CNM_1,L,286,17,0
Winter,2024_02,CNM_1,L,287,21,0
Winter,2024_02,CNM_1,L,288,20,0
Winter,2024_02,CNM_1,L,289,19,0
Winter,2024_02,CNM_1,L,290,21,0
Winter,2024_02,CNM_1,L,291,17,0
Winter,2024_02,CNM_1,L,292,19,0
Winter,2024_02,CNM_1,L,293,21,0
Winter,2024_02,CNM_1,L,294,19,0
Winter,2024_02,CNM_1,L,295,17,0
Winter,2024_02,CNM_1,L,296,16,0
Winter,2024_02,CNM_2,R,1,51,0
Winter,2024_02,CNM_2,R,2,64,0
Winter,2024_02,CNM_2,R,3,57,0
Winter,2024_02,CNM_2,R,4,61,0
Winter,2024_02,CNM_2,R,5,23,0
Winter,2024_02,CNM_2,R,6,48,0
Winter,2024_02,CNM_2,R,7,62,0
Winter,2024_02,CNM_2,R,8,49,0
Winter,2024_02,CNM_2,R,9,39,0
Winter,2024_02,CNM_2,R,10,41,0
Winter,2024_02,CNM_2,R,11,46,0
Winter,2024_02,CNM_2,R,12,55,0
Winter,2024_02,CNM_2,R,13,64,0
Winter,2024_02,CNM_2,R,14,67,0
Winter,2024_02,CNM_2,R,15,66,0
Winter,2024_02,CNM_2,R,16,60,0
Winter,2024_02,CNM_2,R,17,58,0
Winter,2024_02,CNM_2,R,18,57,0
Winter,2024_02,CNM_2,R,19,58,0
Winter,2024_02,CNM_2,R,20,69,0
Winter,2024_02,CNM_2,R,21,56,0
Winter,2024_02,CNM_2,R,22,66,0
Winter,2024_02,CNM_2,R,23,54,0
Winter,2024_02,CNM_2,R,24,63,0
Winter,2024_02,CNM_2,R,25,68,0
Winter,2024_02,CNM_2,R,26,60,0
Winter,2024_02,CNM_2,R,27,66,0
Winter,2024_02,CNM_2,R,28,73,0
Winter,2024_02,CNM_2,R,29,55,0
Winter,2024_02,CNM_2,R,30,61,0
Winter,2024_02,CNM_2,R,31,63,0
Winter,2024_02,CNM_2,R,32,54,0
Winter,2024_02,CNM_2,R,33,62,0
Winter,2024_02,CNM_2,R,34,53,0
Winter,2024_02,CNM_2,R,35,63,0
Winter,2024_02,CNM_2,R,36,35,0
Winter,2024_02,CNM_2,R,37,57,0
Winter,2024_02,CNM_2,R,38,60,0
Winter,2024_02,CNM_2,R,39,55,0
Winter,2024_02,CNM_2,R,40,43,0
Winter,2024_02,CNM_2,R,41,51,0
Winter,2024_02,CNM_2,R,42,57,0
Winter,2024_02,CNM_2,R,43,73,0
Winter,2024_02,CNM_2,R,44,66,0
Winter,2024_02,CNM_2,R,45,65,0
Winter,2024_02,CNM_2,R,46,67,0
Winter,2024_02,CNM_2,R,47,64,0
Winter,2024_02,CNM_2,R,48,51,0
Winter,2024_02,CNM_2,R,49,46,0
Winter,2024_02,CNM_2,R,50,39,0
Winter,2024_02,CNM_2,R,51,40,0
Winter,2024_02,CNM_2,R,52,50,0
Winter,2024_02,CNM_2,R,53,31,0
Winter,2024_02,CNM_2,R,54,34,0
Winter,2024_02,CNM_2,R,55,39,0
Winter,2024_02,CNM_2,R,56,51,0
Winter,2024_02,CNM_2,R,57,59,0
Winter,2024_02,CNM_2,R,58,54,0
Winter,2024_02,CNM_2,R,59,57,0
Winter,2024_02,CNM_2,R,60,49,0
Winter,2024_02,CNM_2,R,61,53,0
Winter,2024_02,CNM_2,R,62,50,0
Winter,2024_02,CNM_2,R,63,60,0
Winter,2024_02,CNM_2,R,64,64,0
Winter,2024_02,CNM_2,R,65,54,0
Winter,2024_02,CNM_2,R,66,27,0
Winter,2024_02,CNM_2,R,67,63,D023
Winter,2024_02,CNM_2,R,68,63,0
Winter,2024_02,CNM_2,R,69,57,0
Winter,2024_02,CNM_2,R,70,38,0
Winter,2024_02,CNM_2,R,71,62,D028
Winter,2024_02,CNM_2,R,72,55,0
Winter,2024_02,CNM_2,R,73,57,0
Winter,2024_02,CNM_2,R,74,56,0
Winter,2024_02,CNM_2,R,75,45,0
Winter,2024_02,CNM_2,R,76,46,0
Winter,2024_02,CNM_2,R,77,47,0
Winter,2024_02,CNM_2,R,78,52,0
Winter,2024_02,CNM_2,R,79,57,0
Winter,2024_02,CNM_2,R,80,55,0
Winter,2024_02,CNM_2,R,81,48,0
Winter,2024_02,CNM_2,R,82,49,0
Winter,2024_02,CNM_2,R,83,57,0
Winter,2024_02,CNM_2,R,84,55,0
Winter,2024_02,CNM_2,R,85,55,0
Winter,2024_02,CNM_2,R,86,55,0
Winter,2024_02,CNM_2,R,87,57,0
Winter,2024_02,CNM_2,R,88,56,0
Winter,2024_02,CNM_2,R,89,58,0
Winter,2024_02,CNM_2,R,90,58,0
Winter,2024_02,CNM_2,R,91,61,0
Winter,2024_02,CNM_2,R,92,50,0
Winter,2024_02,CNM_2,R,93,59,0
Winter,2024_02,CNM_2,R,94,62,0
Winter,2024_02,CNM_2,R,95,54,0
Winter,2024_02,CNM_2,R,96,55,0
Winter,2024_02,CNM_2,R,97,55,0
Winter,2024_02,CNM_2,R,98,59,0
Winter,2024_02,CNM_2,R,99,58,0
Winter,2024_02,CNM_2,R,100,54,0
Winter,2024_02,CNM_2,R,101,59,0
Winter,2024_02,CNM_2,R,102,30,0
Winter,2024_02,CNM_2,R,103,34,0
Winter,2024_02,CNM_2,R,104,30,0
Winter,2024_02,CNM_2,R,105,62,0
Winter,2024_02,CNM_2,R,106,55,0
Winter,2024_02,CNM_2,R,107,50,0
Winter,2024_02,CNM_2,R,108,50,0
Winter,2024_02,CNM_2,R,109,54,0
Winter,2024_02,CNM_2,R,110,46,0
Winter,2024_02,CNM_2,R,111,61,0
Winter,2024_02,CNM_2,R,112,53,0
Winter,2024_02,CNM_2,R,113,60,0
Winter,2024_02,CNM_2,R,114,65,0
Winter,2024_02,CNM_2,R,115,61,0
Winter,2024_02,CNM_2,R,116,30,0
Winter,2024_02,CNM_2,R,117,66,0
Winter,2024_02,CNM_2,R,118,57,0
Winter,2024_02,CNM_2,R,119,57,0
Winter,2024_02,CNM_2,R,120,50,0
Winter,2024_02,CNM_2,R,121,45,0
Winter,2024_02,CNM_2,R,122,42,0
Winter,2024_02,CNM_2,R,123,49,0
Winter,2024_02,CNM_2,R,124,26,0
Winter,2024_02,CNM_2,R,125,27,0
Winter,2024_02,CNM_2,R,126,59,0
Winter,2024_02,CNM_2,R,127,59,0
Winter,2024_02,CNM_2,R,128,61,0
Winter,2024_02,CNM_2,R,129,66,0
Winter,2024_02,CNM_2,R,130,59,0
Winter,2024_02,CNM_2,R,131,55,0
Winter,2024_02,CNM_2,R,132,53,0
Winter,2024_02,CNM_2,R,133,58,0
Winter,2024_02,CNM_2,R,134,60,0
Winter,2024_02,CNM_2,R,135,54,0
Winter,2024_02,CNM_2,R,136,56,0
Winter,2024_02,CNM_2,R,137,50,0
Winter,2024_02,CNM_2,R,138,50,0
Winter,2024_02,CNM_2,R,139,62,0
Winter,2024_02,CNM_2,R,140,44,0
Winter,2024_02,CNM_2,R,141,45,0
Winter,2024_02,CNM_2,R,142,54,0
Winter,2024_02,CNM_2,R,143,28,0
Winter,2024_02,CNM_2,R,144,43,0
Winter,2024_02,CNM_2,R,145,30,0
Winter,2024_02,CNM_2,R,146,48,0
Winter,2024_02,CNM_2,R,147,34,0
Winter,2024_02,CNM_2,R,148,20,0
Winter,2024_02,CNM_2,R,149,32,0
Winter,2024_02,CNM_2,R,150,36,0
Winter,2024_02,CNM_2,R,151,45,0
Winter,2024_02,CNM_2,R,152,31,0
Winter,2024_02,CNM_2,R,153,42,0
Winter,2024_02,CNM_2,R,154,48,0
Winter,2024_02,CNM_2,R,155,43,0
Winter,2024_02,CNM_2,R,156,68,D035
Winter,2024_02,CNM_2,R,157,62,D025
Winter,2024_02,CNM_2,R,158,56,D033
Winter,2024_02,CNM_2,L,159,23,0
Winter,2024_02,CNM_2,L,160,20,0
Winter,2024_02,CNM_2,L,161,23,0
Winter,2024_02,CNM_2,L,162,17,0
Winter,2024_02,CNM_2,L,163,57,0
Winter,2024_02,CNM_2,L,164,48,0
Winter,2024_02,CNM_2,L,165,19,0
Winter,2024_02,CNM_2,L,166,18,0
Winter,2024_02,CNM_2,L,167,36,0
Winter,2024_02,CNM_2,L,168,22,0
Winter,2024_02,CNM_2,L,169,19,0
Winter,2024_02,CNM_2,L,170,17,0
Winter,2024_02,CNM_2,L,171,21,0
Winter,2024_02,CNM_2,L,172,19,0
Winter,2024_02,CNM_2,L,173,23,0
Winter,2024_02,CNM_2,L,174,31,0
Winter,2024_02,CNM_2,L,175,41,0
Winter,2024_02,CNM_2,L,176,20,0
Winter,2024_02,CNM_2,L,177,20,0
Winter,2024_02,CNM_2,L,178,19,0
Winter,2024_02,CNM_2,L,179,19,0
Winter,2024_02,CNM_2,L,180,19,0
Winter,2024_02,CNM_2,L,181,31,0
Winter,2024_02,CNM_2,L,182,20,0
Winter,2024_02,CNM_2,L,183,20,0
Winter,2024_02,CNM_2,L,184,20,0
Winter,2024_02,CNM_2,L,185,22,0
Winter,2024_02,CNM_2,L,186,18,0
Winter,2024_02,CNM_2,L,187,22,0
Winter,2024_02,CNM_2,L,188,20,0
Winter,2024_02,CNM_2,L,189,21,0
Winter,2024_02,CNM_2,L,190,22,0
Winter,2024_02,CNM_2,L,191,23,0
Winter,2024_02,CNM_2,L,192,21,0
Winter,2024_02,CNM_2,L,193,24,0
Winter,2024_02,CNM_2,L,194,40,0
Winter,2024_02,CNM_2,L,195,33,0
Winter,2024_02,CNM_2,L,196,54,0
Winter,2024_02,CNM_2,L,197,53,0
Winter,2024_02,CNM_2,L,198,51,0
Winter,2024_02,CNM_2,L,199,28,0
Winter,2024_02,CNM_2,L,200,67,0
Winter,2024_02,CNM_2,L,201,58,0
Winter,2024_02,CNM_2,L,202,54,0
Winter,2024_02,CNM_2,L,203,59,0
Winter,2024_02,CNM_2,L,204,57,0
Winter,2024_02,CNM_2,L,205,52,0
Winter,2024_02,CNM_2,L,206,57,0
Winter,2024_02,CNM_2,L,207,52,0
Winter,2024_02,CNM_2,L,208,48,0
Winter,2024_02,CNM_2,L,209,54,0
Winter,2024_02,CNM_2,L,210,77,0
Winter,2024_02,CNM_2,L,211,64,0
Winter,2024_02,CNM_2,L,212,38,0
Winter,2024_02,CNM_2,L,213,45,0
Winter,2024_02,CNM_2,L,214,44,0
Winter,2024_02,CNM_2,L,215,55,0
Winter,2024_02,CNM_2,L,216,56,0
Winter,2024_02,CNM_2,L,217,67,0
Winter,2024_02,CNM_2,L,218,41,0
Winter,2024_02,CNM_2,L,219,69,0
Winter,2024_02,CNM_2,L,220,56,0
Winter,2024_02,CNM_2,L,221,67,0
Winter,2024_02,CNM_2,L,222,41,0
Winter,2024_02,CNM_2,L,223,69,0
Winter,2024_02,CNM_2,L,224,56,0
Winter,2024_02,CNM_2,L,225,62,0
Winter,2024_02,CNM_2,L,226,50,0
Winter,2024_02,CNM_2,L,227,67,0
Winter,2024_02,CNM_2,L,228,21,0
Winter,2024_02,CNM_2,L,229,23,0
Winter,2024_02,CNM_2,L,230,21,0
Winter,2024_02,CNM_2,L,231,20,0
Winter,2024_02,CNM_2,L,232,25,0
Winter,2024_02,CNM_2,L,233,22,0
Winter,2024_02,CNM_2,L,234,23,0
Winter,2024_02,CNM_2,L,235,65,0
Winter,2024_02,CNM_2,L,236,52,0
Winter,2024_02,CNM_2,L,237,49,0
Winter,2024_02,CNM_2,L,238,71,0
Winter,2024_02,CNM_2,L,239,21,0
Winter,2024_02,CNM_2,L,240,24,0
Winter,2024_02,CNM_2,L,241,21,0
Winter,2024_02,CNM_2,L,242,27,0
Winter,2024_02,CNM_2,L,243,24,0
Winter,2024_02,CNM_2,L,244,54,0
Winter,2024_02,CNM_2,L,245,22,0
Winter,2024_02,CNM_2,L,246,21,0
Winter,2024_02,CNM_2,L,247,15,0
Winter,2024_02,CNM_2,L,248,49,0
Winter,2024_02,CNM_2,L,249,21,0
Winter,2024_02,CNM_2,L,250,62,0
Winter,2024_02,CNM_2,L,251,53,0
Winter,2024_02,CNM_2,L,252,20,0
Winter,2024_02,CNM_2,L,253,55,0
Winter,2024_02,CNM_2,L,254,61,0
Winter,2024_02,CNM_2,L,255,17,0
Winter,2024_02,CNM_2,L,256,52,0
Winter,2024_02,CNM_2,L,257,22,0
Winter,2024_02,CNM_2,L,258,20,0
Winter,2024_02,CNM_2,L,259,49,0
Winter,2024_02,CNM_2,L,260,18,0
Winter,2024_02,CNM_2,L,261,20,0
Winter,2024_02,CNM_2,L,262,20,0
Winter,2024_02,CNM_2,L,263,46,0
Winter,2024_02,CNM_2,L,264,37,0
Winter,2024_02,CNM_2,L,265,18,0
Winter,2024_02,CNM_2,L,266,48,0
Winter,2024_02,CNM_2,L,267,43,0
Winter,2024_02,CNM_2,L,268,20,0
Winter,2024_02,CNM_2,L,269,20,0
Winter,2024_02,CNM_2,L,270,46,0
Winter,2024_02,CNM_2,L,271,19,0
Winter,2024_02,CNM_2,L,272,47,0
Winter,2024_02,CNM_2,L,273,19,0
Winter,2024_02,CNM_2,L,274,44,0
Winter,2024_02,CNM_2,L,275,20,0
Winter,2024_02,CNM_2,L,276,38,0
Winter,2024_02,CNM_2,L,277,45,0
Winter,2024_02,CNM_2,L,278,20,0
Winter,2024_02,CNM_2,L,279,28,0
Winter,2024_02,CNM_2,L,280,45,0
Winter,2024_02,CNM_2,L,281,20,0
Winter,2024_02,CNM_2,L,282,48,0
Winter,2024_02,CNM_2,L,283,44,0
Winter,2024_02,CNM_2,L,284,22,0
Winter,2024_02,CNM_2,L,285,52,0
Winter,2024_02,CNM_2,L,286,51,0
Winter,2024_02,CNM_2,L,287,51,0
Winter,2024_02,CNM_2,L,288,21,0
Winter,2024_02,CNM_2,L,289,33,0
Winter,2024_02,CNM_2,L,290,41,0
Winter,2024_02,CNM_2,L,291,55,0
Winter,2024_02,CNM_2,L,292,22,0
Winter,2024_02,CNM_2,L,293,22,0
Winter,2024_02,CNM_2,L,294,57,0
Winter,2024_02,CNM_2,L,295,69,0
Winter,2024_02,CNM_2,L,296,48,0
Winter,2024_02,CNM_2,L,297,44,0
Winter,2024_02,CNM_2,L,298,64,0
Winter,2024_02,CNM_2,L,299,48,0
Winter,2024_02,CNM_2,L,300,41,0
Winter,2024_02,CNM_2,L,301,55,0
Winter,2024_02,CNM_2,L,302,53,0
Winter,2024_02,CNM_2,L,303,53,0
Winter,2024_02,CNM_2,L,304,61,0
Winter,2024_02,CNM_2,L,305,51,0
Winter,2024_02,CNM_2,L,306,63,0
Winter,2024_02,CNM_2,L,307,50,0
Winter,2024_02,CNM_2,L,308,52,0
Winter,2024_02,CNM_2,L,309,43,0
Winter,2024_02,CNM_2,L,310,69,0
Winter,2024_02,CNM_2,L,311,58,0
Winter,2024_02,CNM_2,L,312,67,0
Winter,2024_02,CNM_2,L,313,62,0
Winter,2024_02,CNM_2,L,314,46,0
Winter,2024_02,CNM_2,L,315,59,0
Winter,2024_02,CNM_2,L,316,56,0
Winter,2024_02,CNM_2,L,317,45,0
Winter,2024_02,CNM_2,L,318,61,0
Winter,2024_02,CNM_2,L,319,64,0
Winter,2024_02,CNM_2,L,320,57,0
Winter,2024_02,CNM_2,L,321,60,0
Winter,2024_02,CNM_2,L,322,60,0
Winter,2024_02,CNM_2,L,323,21,0
Winter,2024_02,CNM_2,L,324,24,0
Winter,2024_02,CNM_2,L,325,20,0
Winter,2024_02,CNM_2,L,326,21,0
Winter,2024_02,CNM_2,L,327,24,0
Winter,2024_02,CNM_2,L,328,41,0
Winter,2024_02,CNM_2,L,329,48,0
Winter,2024_02,CNM_2,L,330,45,0
Winter,2024_02,CNM_2,L,331,60,0
Winter,2024_02,CNM_2,L,332,51,0
Winter,2024_02,CNM_2,L,333,42,0
Winter,2024_02,CNM_2,L,334,49,0
Winter,2024_02,CNM_2,L,335,52,0
Winter,2024_02,CNM_2,L,336,57,0
Winter,2024_02,CNM_2,L,337,53,0
Winter,2024_02,CNM_2,L,338,47,0
Winter,2024_02,CNM_2,L,339,57,0
Winter,2024_02,CNM_2,L,340,63,0
Winter,2024_02,CNM_2,L,341,57,0
Winter,2024_02,CNM_2,L,342,50,0
Winter,2024_02,CNM_2,L,343,61,0
Winter,2024_02,CNM_2,L,344,59,0
Winter,2024_02,CNM_2,L,345,56,0
Winter,2024_02,CNM_2,L,346,71,0
Winter,2024_02,CNM_2,L,347,71,0
Winter,2024_02,CNM_2,L,348,67,0
Winter,2024_02,CNM_3,R,1,77,D062
Winter,2024_02,CNM_3,R,2,57,0
Winter,2024_02,CNM_3,R,3,60,0
Winter,2024_02,CNM_3,R,4,36,0
Winter,2024_02,CNM_3,R,5,73,0
Winter,2024_02,CNM_3,R,6,55,0
Winter,2024_02,CNM_3,R,7,50,0
Winter,2024_02,CNM_3,R,8,44,0
Winter,2024_02,CNM_3,R,9,41,0
Winter,2024_02,CNM_3,R,10,51,0
Winter,2024_02,CNM_3,R,11,52,0
Winter,2024_02,CNM_3,R,12,57,0
Winter,2024_02,CNM_3,R,13,46,0
Winter,2024_02,CNM_3,R,14,51,0
Winter,2024_02,CNM_3,R,15,54,0
Winter,2024_02,CNM_3,R,16,50,0
Winter,2024_02,CNM_3,R,17,50,0
Winter,2024_02,CNM_3,R,18,42,0
Winter,2024_02,CNM_3,R,19,56,0
Winter,2024_02,CNM_3,R,20,21,0
Winter,2024_02,CNM_3,R,21,23,0
Winter,2024_02,CNM_3,R,22,42,0
Winter,2024_02,CNM_3,R,23,42,0
Winter,2024_02,CNM_3,R,24,50,0
Winter,2024_02,CNM_3,R,25,46,0
Winter,2024_02,CNM_3,R,26,52,0
Winter,2024_02,CNM_3,R,27,47,0
Winter,2024_02,CNM_3,R,28,43,0
Winter,2024_02,CNM_3,R,29,55,0
Winter,2024_02,CNM_3,R,30,53,0
Winter,2024_02,CNM_3,R,31,45,0
Winter,2024_02,CNM_3,R,32,50,0
Winter,2024_02,CNM_3,R,33,50,0
Winter,2024_02,CNM_3,R,34,60,0
Winter,2024_02,CNM_3,R,35,45,0
Winter,2024_02,CNM_3,R,36,54,0
Winter,2024_02,CNM_3,R,37,44,0
Winter,2024_02,CNM_3,R,38,42,0
Winter,2024_02,CNM_3,R,39,36,0
Winter,2024_02,CNM_3,R,40,43,0
Winter,2024_02,CNM_3,R,41,42,0
Winter,2024_02,CNM_3,R,42,47,0
Winter,2024_02,CNM_3,R,43,58,0
Winter,2024_02,CNM_3,R,44,65,0
Winter,2024_02,CNM_3,R,45,56,0
Winter,2024_02,CNM_3,R,46,53,0
Winter,2024_02,CNM_3,R,47,61,0
Winter,2024_02,CNM_3,R,48,53,0
Winter,2024_02,CNM_3,R,49,55,0
Winter,2024_02,CNM_3,R,50,60,0
Winter,2024_02,CNM_3,R,51,48,0
Winter,2024_02,CNM_3,R,52,54,0
Winter,2024_02,CNM_3,R,53,59,0
Winter,2024_02,CNM_3,R,54,56,0
Winter,2024_02,CNM_3,R,55,64,0
Winter,2024_02,CNM_3,R,56,52,0
Winter,2024_02,CNM_3,R,57,65,0
Winter,2024_02,CNM_3,R,58,15,0
Winter,2024_02,CNM_3,R,59,60,D053
Winter,2024_02,CNM_3,R,60,61,0
Winter,2024_02,CNM_3,R,61,49,0
Winter,2024_02,CNM_3,R,62,58,0
Winter,2024_02,CNM_3,R,63,65,0
Winter,2024_02,CNM_3,R,64,55,0
Winter,2024_02,CNM_3,R,65,40,0
Winter,2024_02,CNM_3,R,66,49,0
Winter,2024_02,CNM_3,R,67,49,0
Winter,2024_02,CNM_3,R,68,51,0
Winter,2024_02,CNM_3,R,69,46,0
Winter,2024_02,CNM_3,R,70,63,0
Winter,2024_02,CNM_3,R,71,39,0
Winter,2024_02,CNM_3,R,72,57,0
Winter,2024_02,CNM_3,R,73,21,0
Winter,2024_02,CNM_3,R,74,50,0
Winter,2024_02,CNM_3,R,75,46,0
Winter,2024_02,CNM_3,R,76,52,0
Winter,2024_02,CNM_3,R,77,49,0
Winter,2024_02,CNM_3,R,78,46,0
Winter,2024_02,CNM_3,R,79,44,0
Winter,2024_02,CNM_3,R,80,45,0
Winter,2024_02,CNM_3,R,81,47,0
Winter,2024_02,CNM_3,R,82,47,0
Winter,2024_02,CNM_3,R,83,57,0
Winter,2024_02,CNM_3,R,84,44,0
Winter,2024_02,CNM_3,R,85,44,0
Winter,2024_02,CNM_3,R,86,50,0
Winter,2024_02,CNM_3,R,87,49,0
Winter,2024_02,CNM_3,R,88,45,0
Winter,2024_02,CNM_3,R,89,40,0
Winter,2024_02,CNM_3,R,90,44,0
Winter,2024_02,CNM_3,R,91,37,0
Winter,2024_02,CNM_3,R,92,50,0
Winter,2024_02,CNM_3,R,93,54,0
Winter,2024_02,CNM_3,R,94,25,0
Winter,2024_02,CNM_3,R,95,17,0
Winter,2024_02,CNM_3,R,96,21,0
Winter,2024_02,CNM_3,R,97,23,0
Winter,2024_02,CNM_3,R,98,23,0
Winter,2024_02,CNM_3,R,99,43,0
Winter,2024_02,CNM_3,R,100,54,0
Winter,2024_02,CNM_3,R,101,53,0
Winter,2024_02,CNM_3,R,102,46,0
Winter,2024_02,CNM_3,R,103,21,0
Winter,2024_02,CNM_3,R,104,22,0
Winter,2024_02,CNM_3,R,105,24,0
Winter,2024_02,CNM_3,R,106,21,0
Winter,2024_02,CNM_3,R,107,21,0
Winter,2024_02,CNM_3,R,108,27,0
Winter,2024_02,CNM_3,R,109,24,0
Winter,2024_02,CNM_3,R,110,24,0
Winter,2024_02,CNM_3,R,111,22,0
Winter,2024_02,CNM_3,R,112,25,0
Winter,2024_02,CNM_3,R,113,56,0
Winter,2024_02,CNM_3,R,114,63,0
Winter,2024_02,CNM_3,R,115,57,0
Winter,2024_02,CNM_3,R,116,59,0
Winter,2024_02,CNM_3,R,117,59,0
Winter,2024_02,CNM_3,R,118,57,0
Winter,2024_02,CNM_3,R,119,41,0
Winter,2024_02,CNM_3,R,120,47,0
Winter,2024_02,CNM_3,R,121,55,D047
Winter,2024_02,CNM_3,R,122,43,0
Winter,2024_02,CNM_3,R,123,50,0
Winter,2024_02,CNM_3,R,124,43,0
Winter,2024_02,CNM_3,R,125,30,0
Winter,2024_02,CNM_3,R,126,41,0
Winter,2024_02,CNM_3,R,127,64,0
Winter,2024_02,CNM_3,R,128,50,0
Winter,2024_02,CNM_3,R,129,52,0
Winter,2024_02,CNM_3,R,130,45,0
Winter,2024_02,CNM_3,R,131,51,0
Winter,2024_02,CNM_3,R,132,58,0
Winter,2024_02,CNM_3,R,133,41,0
Winter,2024_02,CNM_3,R,134,53,0
Winter,2024_02,CNM_3,R,135,55,0
Winter,2024_02,CNM_3,R,136,52,0
Winter,2024_02,CNM_3,R,137,71,0
Winter,2024_02,CNM_3,R,138,60,0
Winter,2024_02,CNM_3,R,139,65,0
Winter,2024_02,CNM_3,R,140,58,0
Winter,2024_02,CNM_3,R,141,62,0
Winter,2024_02,CNM_3,R,142,52,0
Winter,2024_02,CNM_3,R,143,40,0
Winter,2024_02,CNM_3,R,144,47,0
Winter,2024_02,CNM_3,R,145,46,0
Winter,2024_02,CNM_3,R,146,62,0
Winter,2024_02,CNM_3,R,147,54,0
Winter,2024_02,CNM_3,R,148,51,0
Winter,2024_02,CNM_3,R,149,49,0
Winter,2024_02,CNM_3,R,150,46,0
Winter,2024_02,CNM_3,R,151,49,0
Winter,2024_02,CNM_3,R,152,47,0
Winter,2024_02,CNM_3,R,153,36,0
Winter,2024_02,CNM_3,R,154,47,0
Winter,2024_02,CNM_3,R,155,62,0
Winter,2024_02,CNM_3,R,156,47,0
Winter,2024_02,CNM_3,R,157,51,0
Winter,2024_02,CNM_3,R,158,52,0
Winter,2024_02,CNM_3,R,159,52,0
Winter,2024_02,CNM_3,R,160,50,0
Winter,2024_02,CNM_3,R,161,46,D051
Winter,2024_02,CNM_3,R,162,53,0
Winter,2024_02,CNM_3,R,163,43,0
Winter,2024_02,CNM_3,R,164,48,0
Winter,2024_02,CNM_3,R,165,53,0
Winter,2024_02,CNM_3,R,166,52,0
Winter,2024_02,CNM_3,R,167,54,0
Winter,2024_02,CNM_3,R,168,50,0
Winter,2024_02,CNM_3,R,169,53,0
Winter,2024_02,CNM_3,R,170,50,0
Winter,2024_02,CNM_3,L,171,45,0
Winter,2024_02,CNM_3,L,172,54,0
Winter,2024_02,CNM_3,L,173,44,0
Winter,2024_02,CNM_3,L,174,50,0
Winter,2024_02,CNM_3,L,175,50,0
Winter,2024_02,CNM_3,L,176,54,0
Winter,2024_02,CNM_3,L,177,59,0
Winter,2024_02,CNM_3,L,178,43,0
Winter,2024_02,CNM_3,L,179,49,0
Winter,2024_02,CNM_3,L,180,56,0
Winter,2024_02,CNM_3,L,181,55,0
Winter,2024_02,CNM_3,L,182,48,0
Winter,2024_02,CNM_3,L,183,52,0
Winter,2024_02,CNM_3,L,184,56,0
Winter,2024_02,CNM_3,L,185,69,0
Winter,2024_02,CNM_3,L,186,35,0
Winter,2024_02,CNM_3,L,187,47,0
Winter,2024_02,CNM_3,L,188,58,0
Winter,2024_02,CNM_3,L,189,56,0
Winter,2024_02,CNM_3,L,190,55,0
Winter,2024_02,CNM_3,L,191,50,0
Winter,2024_02,CNM_3,L,192,55,0
Winter,2024_02,CNM_3,L,193,50,0
Winter,2024_02,CNM_3,L,194,24,0
Winter,2024_02,CNM_3,L,195,26,0
Winter,2024_02,CNM_3,L,196,54,0
Winter,2024_02,CNM_3,L,197,62,0
Winter,2024_02,CNM_3,L,198,56,0
Winter,2024_02,CNM_3,L,199,41,0
Winter,2024_02,CNM_3,L,200,45,0
Winter,2024_02,CNM_3,L,201,43,0
Winter,2024_02,CNM_3,L,202,48,0
Winter,2024_02,CNM_3,L,203,23,0
Winter,2024_02,CNM_3,L,204,50,0
Winter,2024_02,CNM_3,L,205,47,0
Winter,2024_02,CNM_3,L,206,50,0
Winter,2024_02,CNM_3,L,207,24,0
Winter,2024_02,CNM_3,L,208,19,0
Winter,2024_02,CNM_3,L,209,38,0
Winter,2024_02,CNM_3,L,210,37,0
Winter,2024_02,CNM_3,L,211,53,0
Winter,2024_02,CNM_3,L,212,47,0
Winter,2024_02,CNM_3,L,213,50,0
Winter,2024_02,CNM_3,L,214,46,0
Winter,2024_02,CNM_3,L,215,36,0
Winter,2024_02,CNM_3,L,216,22,0
Winter,2024_02,CNM_3,L,217,21,0
Winter,2024_02,CNM_3,L,218,20,0
Winter,2024_02,CNM_3,L,219,21,0
Winter,2024_02,CNM_3,L,220,22,0
Winter,2024_02,CNM_3,L,221,20,0
Winter,2024_02,CNM_3,L,222,20,0
Winter,2024_02,CNM_3,L,223,40,0
Winter,2024_02,CNM_3,L,224,52,0
Winter,2024_02,CNM_3,L,225,39,0
Winter,2024_02,CNM_3,L,226,49,0
Winter,2024_02,CNM_3,L,227,48,0
Winter,2024_02,CNM_3,L,228,51,0
Winter,2024_02,CNM_3,L,229,54,0
Winter,2024_02,CNM_3,L,230,20,0
Winter,2024_02,CNM_3,L,231,41,0
Winter,2024_02,CNM_3,L,232,19,0
Winter,2024_02,CNM_3,L,233,20,0
Winter,2024_02,CNM_3,L,234,38,0
Winter,2024_02,CNM_3,L,235,37,0
Winter,2024_02,CNM_3,L,236,41,0
Winter,2024_02,CNM_3,L,237,52,0
Winter,2024_02,CNM_3,L,238,61,0
Winter,2024_02,CNM_3,L,239,47,0
Winter,2024_02,CNM_3,L,240,22,0
Winter,2024_02,CNM_3,L,241,26,0
Winter,2024_02,CNM_3,L,242,24,0
Winter,2024_02,CNM_3,L,243,25,0
Winter,2024_02,CNM_3,L,244,23,0
Winter,2024_02,CNM_3,L,245,25,0
Winter,2024_02,CNM_3,L,246,21,0
Winter,2024_02,CNM_3,L,247,58,0
Winter,2024_02,CNM_3,L,248,43,0
Winter,2024_02,CNM_3,L,249,52,0
Winter,2024_02,CNM_3,L,250,51,0
Winter,2024_02,CNM_3,L,251,44,0
Winter,2024_02,CNM_3,L,252,56,0
Winter,2024_02,CNM_3,L,253,39,0
Winter,2024_02,CNM_3,L,254,42,0
Winter,2024_02,CNM_3,L,255,49,0
Winter,2024_02,CNM_3,L,256,50,0
Winter,2024_02,CNM_3,L,257,50,0
Winter,2024_02,CNM_3,L,258,56,0
Winter,2024_02,CNM_3,L,259,57,0
Winter,2024_02,CNM_3,L,260,43,0
Winter,2024_02,CNM_3,L,261,58,0
Winter,2024_02,CNM_3,L,262,50,0
Winter,2024_02,CNM_3,L,263,55,0
Winter,2024_02,CNM_3,L,264,46,0
Winter,2024_02,CNM_3,L,265,59,0
Winter,2024_02,CNM_3,L,266,56,0
Winter,2024_02,CNM_3,L,267,41,0
Winter,2024_02,CNM_3,L,268,43,0
Winter,2024_02,CNM_3,L,269,55,0
Winter,2024_02,CNM_3,L,270,62,0
Winter,2024_02,CNM_3,L,271,44,0
Winter,2024_02,CNM_3,L,272,48,0
Winter,2024_02,CNM_3,L,273,22,0
Winter,2024_02,CNM_3,L,274,23,0
Winter,2024_02,CNM_3,L,275,32,0
Winter,2024_02,CNM_3,L,276,63,0
Winter,2024_02,CNM_3,L,277,59,0
Winter,2024_02,CNM_3,L,278,57,0
Winter,2024_02,CNM_3,L,279,63,0
Winter,2024_02,CNM_3,L,280,46,0
Winter,2024_02,CNM_3,L,281,45,0
Winter,2024_02,CNM_3,L,282,63,0
Winter,2024_02,CNM_3,L,283,66,0
Winter,2024_02,CNM_3,L,284,60,0
Winter,2024_02,CNM_3,L,285,54,0
Winter,2024_02,CNM_3,L,286,49,0
Winter,2024_02,CNM_3,L,287,61,0
Winter,2024_02,CNM_3,L,288,64,0
Winter,2024_02,CNM_3,L,289,56,0
Winter,2024_02,CNM_3,L,290,59,D055
Winter,2024_02,CNM_3,L,291,61,0
Winter,2024_02,CNM_3,L,292,65,0
Winter,2024_02,CNM_3,L,293,55,0
Winter,2024_02,CNM_3,L,294,57,0
Winter,2024_02,CNM_3,L,295,51,0
Winter,2024_02,CNM_3,L,296,65,0
Winter,2024_02,CNM_3,L,297,38,0
Winter,2024_02,CNM_3,L,298,60,0
Winter,2024_02,CNM_3,L,299,52,0
Winter,2024_02,CNM_3,L,300,65,0
Winter,2024_02,CNM_3,L,301,47,0
Winter,2024_02,CNM_3,L,302,22,0
Winter,2024_02,CNM_3,L,303,22,0
Winter,2024_02,CNM_3,L,304,21,0
Winter,2024_02,CNM_3,L,305,24,0
Winter,2024_02,CNM_3,L,306,54,0
Winter,2024_02,CNM_3,L,307,73,0
Winter,2024_02,CNM_3,L,308,54,0
Winter,2024_02,CNM_3,L,309,26,0
Winter,2024_02,CNM_3,L,310,70,0
Winter,2024_02,CNM_3,L,311,69,0
Winter,2024_02,CNM_3,L,312,45,0
Winter,2024_02,CNM_3,L,313,21,0
Winter,2024_02,CNM_4,R,1,69,0
Winter,2024_02,CNM_4,R,2,57,0
Winter,2024_02,CNM_4,R,3,50,0
Winter,2024_02,CNM_4,R,4,48,0
Winter,2024_02,CNM_4,R,5,58,0
Winter,2024_02,CNM_4,R,6,20,0
Winter,2024_02,CNM_4,R,7,59,0
Winter,2024_02,CNM_4,R,8,69,0
Winter,2024_02,CNM_4,R,9,64,0
Winter,2024_02,CNM_4,R,10,60,0
Winter,2024_02,CNM_4,R,11,21,0
Winter,2024_02,CNM_4,R,12,25,0
Winter,2024_02,CNM_4,R,13,32,0
Winter,2024_02,CNM_4,R,14,24,0
Winter,2024_02,CNM_4,R,15,69,0
Winter,2024_02,CNM_4,R,16,40,0
Winter,2024_02,CNM_4,R,17,59,0
Winter,2024_02,CNM_4,R,18,51,0
Winter,2024_02,CNM_4,R,19,56,0
Winter,2024_02,CNM_4,R,20,70,0
Winter,2024_02,CNM_4,R,21,62,0
Winter,2024_02,CNM_4,R,22,50,0
Winter,2024_02,CNM_4,R,23,61,0
Winter,2024_02,CNM_4,R,24,42,0
Winter,2024_02,CNM_4,R,25,54,0
Winter,2024_02,CNM_4,R,26,63,0
Winter,2024_02,CNM_4,R,27,51,0
Winter,2024_02,CNM_4,R,28,56,0
Winter,2024_02,CNM_4,R,29,49,0
Winter,2024_02,CNM_4,R,30,69,0
Winter,2024_02,CNM_4,R,31,49,0
Winter,2024_02,CNM_4,R,32,67,0
Winter,2024_02,CNM_4,R,33,27,0
Winter,2024_02,CNM_4,R,34,58,0
Winter,2024_02,CNM_4,R,35,45,0
Winter,2024_02,CNM_4,R,36,59,0
Winter,2024_02,CNM_4,R,37,70,0
Winter,2024_02,CNM_4,R,38,62,D106
Winter,2024_02,CNM_4,R,39,51,0
Winter,2024_02,CNM_4,R,40,50,0
Winter,2024_02,CNM_4,R,41,25,0
Winter,2024_02,CNM_4,R,42,24,0
Winter,2024_02,CNM_4,R,43,52,0
Winter,2024_02,CNM_4,R,44,63,0
Winter,2024_02,CNM_4,R,45,61,0
Winter,2024_02,CNM_4,R,46,65,0
Winter,2024_02,CNM_4,R,47,65,0
Winter,2024_02,CNM_4,R,48,70,0
Winter,2024_02,CNM_4,R,49,79,0
Winter,2024_02,CNM_4,R,50,62,0
Winter,2024_02,CNM_4,R,51,65,0
Winter,2024_02,CNM_4,R,52,27,0
Winter,2024_02,CNM_4,R,53,25,0
Winter,2024_02,CNM_4,R,54,57,0
Winter,2024_02,CNM_4,R,55,68,0
Winter,2024_02,CNM_4,R,56,54,0
Winter,2024_02,CNM_4,R,57,45,0
Winter,2024_02,CNM_4,R,58,23,0
Winter,2024_02,CNM_4,R,59,51,0
Winter,2024_02,CNM_4,R,60,60,0
Winter,2024_02,CNM_4,R,61,61,0
Winter,2024_02,CNM_4,R,62,25,0
Winter,2024_02,CNM_4,R,63,61,0
Winter,2024_02,CNM_4,R,64,60,0
Winter,2024_02,CNM_4,R,65,66,0
Winter,2024_02,CNM_4,R,66,59,0
Winter,2024_02,CNM_4,R,67,60,0
Winter,2024_02,CNM_4,R,68,68,0
Winter,2024_02,CNM_4,R,69,20,0
Winter,2024_02,CNM_4,R,70,26,0
Winter,2024_02,CNM_4,R,71,26,0
Winter,2024_02,CNM_4,R,72,19,0
Winter,2024_02,CNM_4,R,73,22,0
Winter,2024_02,CNM_4,R,74,20,0
Winter,2024_02,CNM_4,R,75,26,0
Winter,2024_02,CNM_4,L,76,21,0
Winter,2024_02,CNM_4,L,77,20,0
Winter,2024_02,CNM_4,L,78,28,0
Winter,2024_02,CNM_4,L,79,29,0
Winter,2024_02,CNM_4,L,80,62,D094
Winter,2024_02,CNM_4,L,81,65,0
Winter,2024_02,CNM_4,L,82,42,0
Winter,2024_02,CNM_4,L,83,62,0
Winter,2024_02,CNM_4,L,84,23,0
Winter,2024_02,CNM_4,L,85,21,0
Winter,2024_02,CNM_4,L,86,58,D096
Winter,2024_02,CNM_4,L,87,21,0
Winter,2024_02,CNM_4,L,88,22,0
Winter,2024_02,CNM_4,L,89,21,0
Winter,2024_02,CNM_4,L,90,40,0
Winter,2024_02,CNM_4,L,91,21,0
Winter,2024_02,CNM_4,L,92,25,0
Winter,2024_02,CNM_4,L,93,19,0
Winter,2024_02,CNM_4,L,94,20,0
Winter,2024_02,CNM_4,L,95,22,0
Winter,2024_02,CNM_4,L,96,24,0
Winter,2024_02,CNM_4,L,97,25,0
Winter,2024_02,CNM_4,L,98,30,0
Winter,2024_02,CNM_4,L,99,30,0
Winter,2024_02,CNM_4,L,100,22,0
Winter,2024_02,CNM_4,L,101,26,D110
Winter,2024_02,CNM_4,L,102,24,0
Winter,2024_02,CNM_4,L,103,15,0
Winter,2024_02,CNM_4,L,104,25,0
Winter,2024_02,CNM_4,L,105,25,0
Winter,2024_02,CNM_4,L,106,22,0
Winter,2024_02,CNM_4,L,107,21,0
Winter,2024_02,CNM_4,L,108,54,0
Winter,2024_02,CNM_4,L,109,27,0
Winter,2024_02,CNM_4,L,110,25,0
Winter,2024_02,CNM_4,L,111,63,D113
Winter,2024_02,CNM_4,L,112,25,0
Winter,2024_02,CNM_4,L,113,58,0
Winter,2024_02,CNM_4,L,114,55,D111
Winter,2024_02,CNM_4,L,115,52,0
Winter,2024_02,CNM_4,L,116,17,0
Winter,2024_02,CNM_4,L,117,69,0
Winter,2024_02,CNM_4,L,118,27,0
Winter,2024_02,CNM_4,L,119,48,0
Winter,2024_02,CNM_4,L,120,60,D104
Winter,2024_02,CNM_4,L,121,67,0
Winter,2024_02,CNM_4,L,122,49,0
Winter,2024_02,CNM_4,L,123,25,0
Winter,2024_02,CNM_4,L,124,34,0
Winter,2024_02,CNM_4,L,125,24,0
Winter,2024_02,CNM_4,L,126,55,0
Winter,2024_02,CNM_4,L,127,43,0
Winter,2024_02,CNM_5,R,1,64,0
Winter,2024_02,CNM_5,R,2,53,0
Winter,2024_02,CNM_5,R,3,20,0
Winter,2024_02,CNM_5,R,4,62,0
Winter,2024_02,CNM_5,R,5,45,0
Winter,2024_02,CNM_5,R,6,57,0
Winter,2024_02,CNM_5,R,7,54,0
Winter,2024_02,CNM_5,R,8,48,0
Winter,2024_02,CNM_5,R,9,55,0
Winter,2024_02,CNM_5,R,10,55,0
Winter,2024_02,CNM_5,R,11,55,0
Winter,2024_02,CNM_5,R,12,60,0
Winter,2024_02,CNM_5,R,13,57,0
Winter,2024_02,CNM_5,R,14,57,0
Winter,2024_02,CNM_5,R,15,53,0
Winter,2024_02,CNM_5,R,16,25,0
Winter,2024_02,CNM_5,R,17,52,0
Winter,2024_02,CNM_5,R,18,24,0
Winter,2024_02,CNM_5,R,19,23,0
Winter,2024_02,CNM_5,R,20,42,0
Winter,2024_02,CNM_5,R,21,44,0
Winter,2024_02,CNM_5,R,22,31,0
Winter,2024_02,CNM_5,R,23,22,0
Winter,2024_02,CNM_5,R,24,28,0
Winter,2024_02,CNM_5,R,25,47,0
Winter,2024_02,CNM_5,R,26,59,0
Winter,2024_02,CNM_5,R,27,34,0
Winter,2024_02,CNM_5,R,28,59,0
Winter,2024_02,CNM_5,R,29,33,0
Winter,2024_02,CNM_5,R,30,26,0
Winter,2024_02,CNM_5,R,31,54,0
Winter,2024_02,CNM_5,R,32,50,0
Winter,2024_02,CNM_5,R,33,47,0
Winter,2024_02,CNM_5,R,34,55,0
Winter,2024_02,CNM_5,R,35,66,0
Winter,2024_02,CNM_5,R,36,31,0
Winter,2024_02,CNM_5,R,37,53,0
Winter,2024_02,CNM_5,R,38,57,0
Winter,2024_02,CNM_5,R,39,29,0
Winter,2024_02,CNM_5,R,40,16,0
Winter,2024_02,CNM_5,R,41,62,0
Winter,2024_02,CNM_5,R,42,25,0
Winter,2024_02,CNM_5,R,43,31,0
Winter,2024_02,CNM_5,L,44,23,0
Winter,2024_02,CNM_5,L,45,33,0
Winter,2024_02,CNM_5,L,46,70,0
Winter,2024_02,CNM_5,L,47,16,0
Winter,2024_02,CNM_5,L,48,22,0
Winter,2024_02,CNM_5,L,49,21,0
Winter,2024_02,CNM_5,L,50,41,0
Winter,2024_02,CNM_5,L,51,26,0
Winter,2024_02,CNM_5,L,52,59,0
Winter,2024_02,CNM_5,L,53,22,0
Winter,2024_02,CNM_5,L,54,17,0
Winter,2024_02,CNM_5,L,55,22,0
Winter,2024_02,CNM_5,L,56,56,0
Winter,2024_02,CNM_5,L,57,67,D132
Winter,2024_02,CNM_5,L,58,24,0
Winter,2024_02,CNM_5,L,59,53,0
Winter,2024_02,CNM_5,L,60,51,D126
Winter,2024_02,CNM_5,L,61,33,0
Winter,2024_02,CNM_5,L,62,53,0
Winter,2024_02,CNM_5,L,63,39,0
Winter,2024_02,CNM_5,L,64,32,0
Winter,2024_02,CNM_5,L,65,22,0
Winter,2024_02,CNM_5,L,66,22,0
Winter,2024_02,CNM_5,L,67,29,0
Winter,2024_02,CNM_5,L,68,17,0
Winter,2024_02,CNM_5,L,69,20,0
Winter,2024_02,CNM_5,L,70,24,0
Winter,2024_02,CNM_5,L,71,16,0
Winter,2024_02,CNM_5,L,72,44,0
Winter,2024_02,CNM_5,L,73,63,0
Winter,2024_02,CNM_5,L,74,18,0
Winter,2024_02,CNM_5,L,75,17,0
Winter,2024_02,CNM_5,L,76,20,0
Winter,2024_02,CNM_5,L,77,28,0
Winter,2024_02,CNM_5,L,78,29,D122
Winter,2024_02,CNM_5,L,79,25,0
Winter,2024_02,CNM_5,L,80,26,0
Winter,2024_02,CNM_5,L,81,23,0
Winter,2024_02,CNM_5,L,82,15,0
Winter,2024_02,CNM_5,L,83,15,0
Winter,2024_02,CNM_5,L,84,25,0
Winter,2024_02,CNM_5,L,85,22,0
Winter,2024_02,CNM_5,L,86,24,0
Winter,2024_02,CNM_5,L,87,20,0
Winter,2024_02,CNM_5,L,88,24,0
Winter,2024_02,CNM_5,L,89,22,0
Winter,2024_02,CNM_6,R,90,27,0
Winter,2024_02,CNM_6,R,91,58,0
Winter,2024_02,CNM_6,R,92,25,0
Winter,2024_02,CNM_6,R,93,50,D141
Winter,2024_02,CNM_6,R,94,31,0
Winter,2024_02,CNM_6,R,95,47,D143
Winter,2024_02,CNM_6,R,96,39,0
Winter,2024_02,CNM_6,R,97,53,0
Winter,2024_02,CNM_6,R,98,40,0
Winter,2024_02,CNM_6,R,99,60,D153
Winter,2024_02,CNM_6,R,100,56,0
Winter,2024_02,CNM_6,R,101,36,0
Winter,2024_02,CNM_6,R,102,30,0
Winter,2024_02,CNM_6,R,103,68,D151
Winter,2024_02,CNM_6,R,104,38,0
Winter,2024_02,CNM_6,R,105,62,D149
Winter,2024_02,CNM_6,R,106,65,0
Winter,2024_02,CNM_6,R,107,41,0
Winter,2024_02,CNM_6,R,108,33,0
Winter,2024_02,CNM_6,L,109,58,0
Winter,2024_02,CNM_6,L,110,29,0
Winter,2024_02,CNM_6,L,111,55,0
Winter,2024_02,CNM_6,L,112,45,0
Winter,2024_02,CNM_6,L,113,31,0
Winter,2024_02,CNM_6,L,114,26,0
Winter,2024_02,CNM_7,R,1,55,0
Winter,2024_02,CNM_7,R,2,52,0
Winter,2024_02,CNM_7,R,3,53,0
Winter,2024_02,CNM_7,R,4,59,0
Winter,2024_02,CNM_7,R,5,45,0
Winter,2024_02,CNM_7,R,6,38,0
Winter,2024_02,CNM_7,R,7,44,0
Winter,2024_02,CNM_7,R,8,47,0
Winter,2024_02,CNM_7,R,9,27,0
Winter,2024_02,CNM_7,R,10,43,0
Winter,2024_02,CNM_7,R,11,43,0
Winter,2024_02,CNM_7,R,12,49,0
Winter,2024_02,CNM_7,R,13,45,0
Winter,2024_02,CNM_7,R,14,46,0
Winter,2024_02,CNM_7,R,15,19,0
Winter,2024_02,CNM_7,R,16,24,0
Winter,2024_02,CNM_7,R,17,40,0
Winter,2024_02,CNM_7,R,18,34,0
Winter,2024_02,CNM_7,R,19,41,0
Winter,2024_02,CNM_7,R,20,39,0
Winter,2024_02,CNM_7,R,21,40,0
Winter,2024_02,CNM_7,R,22,39,0
Winter,2024_02,CNM_7,R,23,48,0
Winter,2024_02,CNM_7,R,24,23,0
Winter,2024_02,CNM_7,R,25,25,0
Winter,2024_02,CNM_7,R,26,30,0
Winter,2024_02,CNM_7,R,27,43,0
Winter,2024_02,CNM_7,R,28,36,0
Winter,2024_02,CNM_7,R,29,33,0
Winter,2024_02,CNM_7,R,30,37,0
Winter,2024_02,CNM_7,R,31,41,0
Winter,2024_02,CNM_7,R,32,33,0
Winter,2024_02,CNM_7,R,33,30,0
Winter,2024_02,CNM_7,R,34,25,0
Winter,2024_02,CNM_7,R,35,40,0
Winter,2024_02,CNM_7,R,36,42,0
Winter,2024_02,CNM_7,R,37,48,0
Winter,2024_02,CNM_7,R,38,42,0
Winter,2024_02,CNM_7,R,39,40,0
Winter,2024_02,CNM_7,R,40,45,0
Winter,2024_02,CNM_7,R,41,52,0
Winter,2024_02,CNM_7,R,42,45,0
Winter,2024_02,CNM_7,R,43,53,0
Winter,2024_02,CNM_7,L,44,52,0
Winter,2024_02,CNM_7,L,45,47,0
Winter,2024_02,CNM_7,L,46,44,0
Winter,2024_02,CNM_7,L,47,26,0
Winter,2024_02,CNM_7,L,48,52,0
Winter,2024_02,CNM_7,L,49,50,0
Winter,2024_02,CNM_7,L,50,55,0
Winter,2024_02,CNM_7,L,51,56,0
Winter,2024_02,CNM_7,L,52,24,0
Winter,2024_02,CNM_7,L,53,47,0
Winter,2024_02,CNM_7,L,54,27,0
Winter,2024_02,CNM_7,L,55,27,0
Winter,2024_02,CNM_7,L,56,27,0
Winter,2024_02,CNM_7,L,57,24,0
Winter,2024_02,CNM_7,L,58,26,0
Winter,2024_02,CNM_7,L,59,38,0
Winter,2024_02,CNM_7,L,60,39,0
Winter,2024_02,CNM_7,L,61,43,0
Winter,2024_02,CNM_7,L,62,34,0
Winter,2024_02,CNM_7,L,63,25,0
Winter,2024_02,CNM_7,L,64,21,0
Winter,2024_02,CNM_7,L,65,48,0
Winter,2024_02,CNM_7,L,66,54,0
Winter,2024_02,CNM_7,L,67,41,0
Winter,2024_02,CNM_7,L,68,51,0
Winter,2024_02,CNM_7,L,69,56,0
Winter,2024_02,CNM_7,L,70,31,0
Winter,2024_02,CNM_7,L,71,53,0
Winter,2024_02,CNM_7,L,72,57,0
Winter,2024_02,CNM_7,L,73,37,0
Winter,2024_02,CNM_7,L,74,50,0
